{"cameraMode":{"drawMode":0,"name":"Shaded","section":"Shading Mode"},"sceneLighting":false,"audioPlay":false,"sceneViewState":{"m_AlwaysRefresh":false,"showFog":true,"showSkybox":false,"showFlares":true,"showImageEffects":true,"showParticleSystems":true,"showVisualEffectGraphs":true,"m_FxEnabled":true},"in2DMode":false,"pivot":{"x":21.538158416748048,"y":-0.03600001335144043,"z":32.21799850463867},"rotation":{"x":0.17960719764232636,"y":0.049157168716192248,"z":-0.00898608099669218,"w":0.9824985265731812},"size":2.598076105117798,"orthographic":false}